{"cameraMode":{"drawMode":0,"name":"Shaded","section":"Shading Mode"},"sceneLighting":true,"audioPlay":false,"sceneViewState":{"m_AlwaysRefresh":false,"showFog":true,"showSkybox":true,"showFlares":true,"showImageEffects":true,"showParticleSystems":true,"showVisualEffectGraphs":true,"m_FxEnabled":true},"in2DMode":false,"pivot":{"x":-0.6417376399040222,"y":-10.540607452392579,"z":-101.509765625},"rotation":{"x":-0.060272276401519778,"y":0.005088225472718477,"z":-0.00030717827030457556,"w":-0.9981692433357239},"size":14.18642520904541,"orthographic":false}